[
	{ "name": "PILAR", "forbidden": [{ "name": "Poste" }, { "name": "Coluna" }, { "name": "Sustentar" }, { "name": "Firmar" }, { "name": "Suporte" }]},
	{ "name": "CANDELABRO", "forbidden": [{ "name": "Vela" }, { "name": "Iluminar" }, { "name": "Cera" }, { "name": "Luz" }, { "name": "Castiçal" }]},
	{ "name": "BATERIA", "forbidden": [{ "name": "Instrumento" }, { "name": "Banda" }, { "name": "Baqueta" }, { "name": "Batida" }, { "name": "Música" }]},
	{ "name": "SAUNA", "forbidden": [{ "name": "Vapor" }, { "name": "Sala" }, { "name": "Quente" }, { "name": "Suor" }, { "name": "Carvão" }]},
	{ "name": "LICOR", "forbidden": [{ "name": "Uísque" }, { "name": "Álcool" }, { "name": "Beber" }, { "name": "Bar" }, { "name": "Refeição" }]},
	{ "name": "ESTÂNCIA", "forbidden": [{ "name": "Caubói" }, { "name": "Gado" }, { "name": "Oeste" }, { "name": "Cavalo" }, { "name": "Terra" }]},
	{ "name": "FIO DENTAL", "forbidden": [{ "name": "Dentista" }, { "name": "Dente" }, { "name": "Escova" }, { "name": "Linha" }, { "name": "Higiene" }]},
	{ "name": "FRAQUE", "forbidden": [{ "name": "Formal" }, { "name": "Alugar" }, { "name": "Casamento" }, { "name": "Roupa" }, { "name": "Homem" }]},
	{ "name": "PROFISSÃO", "forbidden": [{ "name": "Cargo" }, { "name": "Emprego" }, { "name": "Carreira" }, { "name": "Entrevista" }, { "name": "Trabalho" }]},
	{ "name": "VOTAR", "forbidden": [{ "name": "Eleger" }, { "name": "Cédula" }, { "name": "Pesquisa" }, { "name": "Urna" }, { "name": "Candidato" }]},
	{ "name": "PÓLO", "forbidden": [{ "name": "Esporte" }, { "name": "Cavalo" }, { "name": "Imã" }, { "name": "Camisa" }, { "name": "Norte/Sul" }]},
	{ "name": "FLUTUAR", "forbidden": [{ "name": "Cabeça" }, { "name": "Costas" }, { "name": "Olho" }, { "name": "Mão" }, { "name": "Briga" }]},
	{ "name": "SMOKING", "forbidden": [{ "name": "Formal" }, { "name": "Gravata-borboleta" }, { "name": "Terno" }, { "name": "Paletó" }, { "name": "Festa" }]},
	{ "name": "TAPA", "forbidden": [{ "name": "Cabeça" }, { "name": "Costas" }, { "name": "Olho" }, { "name": "Mão" }, { "name": "Briga" }]},
	{ "name": "GOLFE", "forbidden": [{ "name": "Direção" }, { "name": "Buraco" }, { "name": "Taco" }, { "name": "Gramado" }, { "name": "Bolinha" }]},
	{ "name": "REVOLUÇÃO", "forbidden": [{ "name": "Governo" }, { "name": "Pessoas" }, { "name": "Francesa" }, { "name": "Industrial" }, { "name": "Revolta" }]},
	{ "name": "DENTADURA", "forbidden": [{ "name": "Velho" }, { "name": "Dente" }, { "name": "FALSO" }, { "name": "Boca" }, { "name": "Tirar" }]},
	{ "name": "SALVADOR", "forbidden": [{ "name": "Bahia" }, { "name": "Trio elétrico" }, { "name": "Elevador Lacerda" }, { "name": "Pelourinho" }, { "name": "Carnaval" }]},
	{ "name": "DEPRESSÃO", "forbidden": [{ "name": "Tristeza" }, { "name": "Melancolia" }, { "name": "Desânimo" }, { "name": "Crise" }, { "name": "Doença" }]},
	{ "name": "PISCINA", "forbidden": [{ "name": "Cloro" }, { "name": "Nadar" }, { "name": "Natação" }, { "name": "Água" }, { "name": "Mergulhar" }]},
	{ "name": "PILAR", "forbidden": [{ "name": "Poste" }, { "name": "Coluna" }, { "name": "Sustentar" }, { "name": "Firmar" }, { "name": "Suporte" }]},
	{ "name": "CANDELABRO", "forbidden": [{ "name": "Vela" }, { "name": "Iluminar" }, { "name": "Cera" }, { "name": "Luz" }, { "name": "Castiçal" }]},
	{ "name": "BATERIA", "forbidden": [{ "name": "Instrumento" }, { "name": "Banda" }, { "name": "Baqueta" }, { "name": "Batida" }, { "name": "Música" }]},
	{ "name": "SAUNA", "forbidden": [{ "name": "Vapor" }, { "name": "Sala" }, { "name": "Quente" }, { "name": "Suor" }, { "name": "Carvão" }]},
	{ "name": "LICOR", "forbidden": [{ "name": "Uísque" }, { "name": "Álcool" }, { "name": "Beber" }, { "name": "Bar" }, { "name": "Refeição" }]},
	{ "name": "ESTÂNCIA", "forbidden": [{ "name": "Caubói" }, { "name": "Gado" }, { "name": "Oeste" }, { "name": "Cavalo" }, { "name": "Terra" }]},
	{ "name": "FIO DENTAL", "forbidden": [{ "name": "Dentista" }, { "name": "Dente" }, { "name": "Escova" }, { "name": "Linha" }, { "name": "Higiene" }]},
	{ "name": "FRAQUE", "forbidden": [{ "name": "Formal" }, { "name": "Alugar" }, { "name": "Casamento" }, { "name": "Roupa" }, { "name": "Homem" }]},
	{ "name": "PROFISSÃO", "forbidden": [{ "name": "Cargo" }, { "name": "Emprego" }, { "name": "Carreira" }, { "name": "Entrevista" }, { "name": "Trabalho" }]},
	{ "name": "VOTAR", "forbidden": [{ "name": "Eleger" }, { "name": "Cédula" }, { "name": "Pesquisa" }, { "name": "Urna" }, { "name": "Candidato" }]},
	{ "name": "PÓLO", "forbidden": [{ "name": "Esporte" }, { "name": "Cavalo" }, { "name": "Imã" }, { "name": "Camisa" }, { "name": "Norte/Sul" }]},
	{ "name": "FLUTUAR", "forbidden": [{ "name": "Cabeça" }, { "name": "Costas" }, { "name": "Olho" }, { "name": "Mão" }, { "name": "Briga" }]},
	{ "name": "SMOKING", "forbidden": [{ "name": "Formal" }, { "name": "Gravata-borboleta" }, { "name": "Terno" }, { "name": "Paletó" }, { "name": "Festa" }]},
	{ "name": "TAPA", "forbidden": [{ "name": "Cabeça" }, { "name": "Costas" }, { "name": "Olho" }, { "name": "Mão" }, { "name": "Briga" }]},
	{ "name": "GOLFE", "forbidden": [{ "name": "Direção" }, { "name": "Buraco" }, { "name": "Taco" }, { "name": "Gramado" }, { "name": "Bolinha" }]},
	{ "name": "REVOLUÇÃO", "forbidden": [{ "name": "Governo" }, { "name": "Pessoas" }, { "name": "Francesa" }, { "name": "Industrial" }, { "name": "Revolta" }]},
	{ "name": "DENTADURA", "forbidden": [{ "name": "Velho" }, { "name": "Dente" }, { "name": "FALSO" }, { "name": "Boca" }, { "name": "Tirar" }]},
	{ "name": "SALVADOR", "forbidden": [{ "name": "Bahia" }, { "name": "Trio elétrico" }, { "name": "Elevador Lacerda" }, { "name": "Pelourinho" }, { "name": "Carnaval" }]},
	{ "name": "DEPRESSÃO", "forbidden": [{ "name": "Tristeza" }, { "name": "Melancolia" }, { "name": "Desânimo" }, { "name": "Crise" }, { "name": "Doença" }]},
	{ "name": "PISCINA", "forbidden": [{ "name": "Cloro" }, { "name": "Nadar" }, { "name": "Natação" }, { "name": "Água" }, { "name": "Mergulhar" }]},
	{ "name": "ELIZABETH TAYLOR", "forbidden": [{ "name": "Richard Burton" }, { "name": "Casada" }, { "name": "Atriz" }, { "name": "Marido" }, { "name": "Diamante" }]},
	{ "name": "TROMBA", "forbidden": [{ "name": "Elefante" }, { "name": "Emburrado" }, { "name": "Nariz" }, { "name": "Animal" }, { "name": "Comprido" }]},
	{ "name": "MONTANHA", "forbidden": [{ "name": "Escalar" }, { "name": "Cordilheira" }, { "name": "Monte" }, { "name": "Céu" }, { "name": "Rochas" }]},
	{ "name": "SEDE", "forbidden": [{ "name": "Edifício" }, { "name": "Membro" }, { "name": "Encontro" }, { "name": "Clube" }, { "name": "Associar" }]},
	{ "name": "EXERCÍCIO", "forbidden": [{ "name": "Academia" }, { "name": "Saúde" }, { "name": "Aeróbica" }, { "name": "Prática" }, { "name": "Sedentário" }]},
	{ "name": "ALGEMA", "forbidden": [{ "name": "Pulso" }, { "name": "Polícia" }, { "name": "Chave" }, { "name": "Prender" }, { "name": "Ladrão" }]},
	{ "name": "DINHEIRO", "forbidden": [{ "name": "Reais" }, { "name": "Centavos" }, { "name": "Comprar" }, { "name": "Gastar" }, { "name": "Grana" }]},
	{ "name": "MARSHMALLOW", "forbidden": [{ "name": "Branco" }, { "name": "Sorvete" }, { "name": "Tostado" }, { "name": "Cobertura" }, { "name": "Fofo" }]},
	{ "name": "INFANTIL", "forbidden": [{ "name": "Bebê" }, { "name": "recém-nascido" }, { "name": "Criança" }, { "name": "Jovem" }, { "name": "Pequeno" }]},
	{ "name": "PIADA", "forbidden": [{ "name": "Trote" }, { "name": "Anedota" }, { "name": "Comediante" }, { "name": "Gargalhadas" }, { "name": "Engraçado" }]},
	{ "name": "ABAFADO", "forbidden": [{ "name": "Calor" }, { "name": "Suor" }, { "name": "Transpirar" }, { "name": "Quente" }, { "name": "Temperatura" }]},
	{ "name": "CARANGUEJEIRA", "forbidden": [{ "name": "Aranha" }, { "name": "Preta" }, { "name": "Pernas" }, { "name": "Peluda" }, { "name": "Teia" }]},
	{ "name": "MOQUECA", "forbidden": [{ "name": "Comida" }, { "name": "Peixe" }, { "name": "Camarão" }, { "name": "Bahia" }, { "name": "Molho" }]},
	{ "name": "MÁQUINA DE ESCREVER", "forbidden": [{ "name": "Tecla" }, { "name": "Escritório" }, { "name": "Carta" }, { "name": "Secretária" }, { "name": "Datilografar" }]},
	{ "name": "FERNANDO DE NORONHA", "forbidden": [{ "name": "Nordeste" }, { "name": "Praia" }, { "name": "Férias" }, { "name": "Ilha" }, { "name": "Arquipélago" }]},
	{ "name": "MANICURE", "forbidden": [{ "name": "Unha" }, { "name": "Cutícula" }, { "name": "Lixa" }, { "name": "Mão" }, { "name": "Mulher" }]},
	{ "name": "CAIPIRA", "forbidden": [{ "name": "Interior" }, { "name": "Jeca" }, { "name": "Roça" }, { "name": "Sertanejo" }, { "name": "Cidade" }]},
	{ "name": "CLIPE", "forbidden": [{ "name": "Papel" }, { "name": "Escritório" }, { "name": "Grampo" }, { "name": "Metal" }, { "name": "Junto" }]},
	{ "name": "ARMAÇÃO", "forbidden": [{ "name": "Borda" }, { "name": "Barraca" }, { "name": "Ilimitada" }, { "name": "Óculos" }, { "name": "Planejar" }]},
	{ "name": "FIDEL CASTRO", "forbidden": [{ "name": "Charuto" }, { "name": "Cuba" }, { "name": "Revolução" }, { "name": "Barba" }, { "name": "Farda" }]},
	{ "name": "CORRIMÃO", "forbidden": [{ "name": "Escada" }, { "name": "Parapeito" }, { "name": "Degraus" }, { "name": "Segurar" }, { "name": "Escorregar" }]},
	{ "name": "LITRO", "forbidden": [{ "name": "Unidade de medida" }, { "name": "Quarto" }, { "name": "Gasolina" }, { "name": "Garrafa" }, { "name": "Líquido" }]},
	{ "name": "GUARDA-SOL", "forbidden": [{ "name": "Sombra" }, { "name": "Guarda-chuva" }, { "name": "Praia" }, { "name": "Proteger" }, { "name": "Queimar" }]},
	{ "name": "CROISSANT", "forbidden": [{ "name": "Lua" }, { "name": "Pão" }, { "name": "Massa" }, { "name": "Francês" }, { "name": "Folheado" }]},
	{ "name": "VIRGEM", "forbidden": [{ "name": "Garota" }, { "name": "Sexo" }, { "name": "Jovem" }, { "name": "Puro" }, { "name": "Signo" }]},
	{ "name": "OVNI", "forbidden": [{ "name": "Alien" }, { "name": "Nave espacial" }, { "name": "Ver" }, { "name": "Céu" }, { "name": "Luzes" }]},
	{ "name": "PARTE", "forbidden": [{ "name": "Divisão" }, { "name": "Porção" }, { "name": "Todo" }, { "name": "Pedaço" }, { "name": "Algum" }]},
	{ "name": "GIRASSOL", "forbidden": [{ "name": "Amarelo" }, { "name": "Semente" }, { "name": "Planta" }, { "name": "Flor" }, { "name": "Papagaio" }]},
	{ "name": "PORCO", "forbidden": [{ "name": "Sujeira" }, { "name": "Óinc" }, { "name": "Animal" }, { "name": "Leitão" }, { "name": "Chiqueiro" }]},
	{ "name": "OURO PRETO", "forbidden": [{ "name": "Aleijadinho" }, { "name": "Barroco" }, { "name": "Minas Gerais" }, { "name": "Patrimônio" }, { "name": "Igreja" }]},
	{ "name": "ARMADURA", "forbidden": [{ "name": "Cavaleiro" }, { "name": "Metal" }, { "name": "Proteção" }, { "name": "Traje" }, { "name": "Vestir" }]},
	{ "name": "TENDA", "forbidden": [{ "name": "Lona" }, { "name": "Cobertura" }, { "name": "Cabana" }, { "name": "Porta" }, { "name": "Barraca" }]},
	{ "name": "FORNO", "forbidden": [{ "name": "Fogão" }, { "name": "Assar" }, { "name": "Cozinhar" }, { "name": "Comer" }, { "name": "Cozinha" }]},
	{ "name": "LÍRIO", "forbidden": [{ "name": "Flor" }, { "name": "Paz" }, { "name": "Branco" }, { "name": "Alucinógeno" }, { "name": "Pureza" }]},
	{ "name": "BOLHA", "forbidden": [{ "name": "Queimadura" }, { "name": "Machucado" }, { "name": "Sapato" }, { "name": "Pele" }, { "name": "Atrito" }]},
	{ "name": "DESAJEITADO", "forbidden": [{ "name": "Habilidade" }, { "name": "Descoordenado" }, { "name": "Cair" }, { "name": "Bobo" }, { "name": "Pateta" }]},
	{ "name": "JORNADA", "forbidden": [{ "name": "Passeio" }, { "name": "Excursão" }, { "name": "Aventura" }, { "name": "Estrela" }, { "name": "Viagem" }]},
	{ "name": "EMBAIXADOR", "forbidden": [{ "name": "Diplomata" }, { "name": "Nações Unidas" }, { "name": "País" }, { "name": "Embaixada" }, { "name": "Estrangeiro" }]},
	{ "name": "RENA", "forbidden": [{ "name": "Natal" }, { "name": "Papai Noel" }, { "name": "Presente" }, { "name": "Chaminé" }, { "name": "Trenó" }]},
	{ "name": "CELEIRO", "forbidden": [{ "name": "Fazenda" }, { "name": "Construção" }, { "name": "Animais" }, { "name": "Porteira" }, { "name": "Palheiro" }]},
	{ "name": "SUOR", "forbidden": [{ "name": "Sol" }, { "name": "Calor" }, { "name": "Transpirar" }, { "name": "Umidade" }, { "name": "Braço" }]},
	{ "name": "BAINHA", "forbidden": [{ "name": "Botão" }, { "name": "Vestir" }, { "name": "Calças" }, { "name": "Costurar" }, { "name": "Ponto" }]},
	{ "name": "AMOR", "forbidden": [{ "name": "Ódio" }, { "name": "Gostar" }, { "name": "Coração" }, { "name": "Casamento" }, { "name": "Apaixonar" }]},
	{ "name": "HELICÓPTERO", "forbidden": [{ "name": "Palheta" }, { "name": "Rico" }, { "name": "Hélice" }, { "name": "Voar" }, { "name": "Avião" }]},
	{ "name": "MEIA NOITE", "forbidden": [{ "name": "24" }, { "name": "Ano-novo" }, { "name": "Meio-dia" }, { "name": "Hora" }, { "name": "Lobisomem" }]},
	{ "name": "MISTURAR", "forbidden": [{ "name": "Juntar" }, { "name": "Mexer" }, { "name": "Combinar" }, { "name": "Bater" }, { "name": "Liquidificador" }]},
	{ "name": "ÓRFÃO", "forbidden": [{ "name": "Abandonado" }, { "name": "Pais" }, { "name": "Adotado" }, { "name": "Mãe" }, { "name": "Pai" }]},
	{ "name": "PICHE", "forbidden": [{ "name": "Rua" }, { "name": "Jogar" }, { "name": "Asfalto" }, { "name": "Preto" }, { "name": "Grudar" }]},
	{ "name": "CIUMENTO", "forbidden": [{ "name": "Flerte" }, { "name": "Emoção" }, { "name": "Querer" }, { "name": "Invejoso" }, { "name": "Desconfiado" }]},
	{ "name": "DIPLOMA", "forbidden": [{ "name": "Receber" }, { "name": "Formatura" }, { "name": "Estudo" }, { "name": "Documento" }, { "name": "Título" }]},
	{ "name": "AVIADOR", "forbidden": [{ "name": "Piloto" }, { "name": "Avião" }, { "name": "Frequente" }, { "name": "Voar" }, { "name": "Céu" }]},
	{ "name": "COINCIDÊNCIA", "forbidden": [{ "name": "Igual" }, { "name": "Ocorrer" }, { "name": "Acontecer" }, { "name": "Mesma coisa" }, { "name": "Possibilidade" }]},
	{ "name": "QUÍNTUPLO", "forbidden": [{ "name": "Bebês" }, { "name": "Cinco" }, { "name": "Nascer" }, { "name": "Mais" }, { "name": "Múltiplo" }]},
	{ "name": "RAPTO", "forbidden": [{ "name": "Resgate" }, { "name": "Sequestrar" }, { "name": "Roubar" }, { "name": "Criança" }, { "name": "Refém" }]},
	{ "name": "CLEPTOMA-NÍACO", "forbidden": [{ "name": "Roubar" }, { "name": "Ladrão" }, { "name": "Mão-leve" }, { "name": "Pegar" }, { "name": "Incontrolável" }]},
	{ "name": "CORCOVADO", "forbidden": [{ "name": "Monte" }, { "name": "Cristo" }, { "name": "Rio de Janeiro" }, { "name": "Marco" }, { "name": "Alto" }]},
	{ "name": "AMARELO", "forbidden": [{ "name": "Covarde" }, { "name": "Sol" }, { "name": "Banana" }, { "name": "Gema" }, { "name": "Cor" }]},
	{ "name": "PANTANAL", "forbidden": [{ "name": "Água" }, { "name": "Pescar" }, { "name": "Mato Grosso" }, { "name": "Jacaré" }, { "name": "Piranha" }]},
	{ "name": "ANIVERSÁRIO DE CASAMENTO", "forbidden": [{ "name": "Comemorar" }, { "name": "Matrimônio" }, { "name": "Marido" }, { "name": "Esposa" }, { "name": "Celebrar" }]},
	{ "name": "MORTADELA", "forbidden": [{ "name": "Pão" }, { "name": "Lanche" }, { "name": "Salame" }, { "name": "Porco" }, { "name": "Sanduíche" }]},
	{ "name": "CÂMARA ESCURA", "forbidden": [{ "name": "Fotografia" }, { "name": "Revelar" }, { "name": "Imagens" }, { "name": "Luz" }, { "name": "Filme" }]},
	{ "name": "INVESTIGAR", "forbidden": [{ "name": "Crime" }, { "name": "Procurar" }, { "name": "Secreto" }, { "name": "Detetive" }, { "name": "Pista" }]},
	{ "name": "BATERIA", "forbidden": [{ "name": "Lanterna" }, { "name": "Carga" }, { "name": "Pilha" }, { "name": "Trocar" }, { "name": "Celular" }]},
	{ "name": "RENA", "forbidden": [{ "name": "Natal" }, { "name": "Papai Noel" }, { "name": "Trenó" }, { "name": "Neve" }, { "name": "Nariz vermelho" }]},
	{ "name": "CADEIRA DE BALANÇO", "forbidden": [{ "name": "Varanda" }, { "name": "Sentar" }, { "name": "Balançar" }, { "name": "Vovó" }, { "name": "Voltar" }]},
	{ "name": "OLIMPÍADA", "forbidden": [{ "name": "Atletas" }, { "name": "Medalha" }, { "name": "Países" }, { "name": "Ouro/Prata/Bronze" }, { "name": "Competição" }]},
	{ "name": "RESGATE", "forbidden": [{ "name": "Sequestro" }, { "name": "Dinheiro" }, { "name": "Refém" }, { "name": "Pagamento" }, { "name": "Cativeiro" }]},
	{ "name": "SOMBRA", "forbidden": [{ "name": "Calor" }, { "name": "Lâmpada" }, { "name": "Sol" }, { "name": "Árvore" }, { "name": "Refrescar" }]},
	{ "name": "GAMBÁ", "forbidden": [{ "name": "Animal" }, { "name": "Listra" }, { "name": "Fedor" }, { "name": "Branco" }, { "name": "Cheiro" }]},
	{ "name": "EMERGÊNCIA", "forbidden": [{ "name": "Crise" }, { "name": "190" }, { "name": "Socorro" }, { "name": "Chamar" }, { "name": "Situação" }]},
	{ "name": "MAÎTRE", "forbidden": [{ "name": "Restaurante" }, { "name": "Mesa" }, { "name": "Servir" }, { "name": "Garçom" }, { "name": "Comer" }]},
	{ "name": "FALSIFICAÇÃO", "forbidden": [{ "name": "FALSO" }, { "name": "Imitação" }, { "name": "Dinheiro" }, { "name": "Pirata" }, { "name": "Notas" }]},
	{ "name": "ABACAXI", "forbidden": [{ "name": "Fruta" }, { "name": "Casca" }, { "name": "Coroa" }, { "name": "Ácido" }, { "name": "Descascar" }]},
	{ "name": "CERTIDÃO DE NASCIMENTO", "forbidden": [{ "name": "Prova" }, { "name": "Legal" }, { "name": "Nascido" }, { "name": "Documento" }, { "name": "Velho" }]},
	{ "name": "ESTRATÉGIA", "forbidden": [{ "name": "Plano" }, { "name": "Militar" }, { "name": "Tática" }, { "name": "Pensar" }, { "name": "Mapa" }]},
	{ "name": "AQUILES", "forbidden": [{ "name": "Grécia" }, { "name": "Herói" }, { "name": "Calcanhar" }, { "name": "Mitologia" }, { "name": "Fraco" }]},
	{ "name": "ELVIS PRESLEY", "forbidden": [{ "name": "Rock-n-roll" }, { "name": "Dançar" }, { "name": "Cantor" }, { "name": "Rei" }, { "name": "Sucesso" }]},
	{ "name": "DRÁCULA", "forbidden": [{ "name": "Vampiro" }, { "name": "Transilvânia" }, { "name": "Sangue" }, { "name": "Mordida" }, { "name": "Pescoço" }]},
	{ "name": "SALVA VIDAS", "forbidden": [{ "name": "Piscina" }, { "name": "Praia" }, { "name": "Nadar" }, { "name": "Afogar" }, { "name": "Salvar" }]},
	{ "name": "CERVEJA", "forbidden": [{ "name": "Bebida" }, { "name": "Vinho" }, { "name": "Tomar" }, { "name": "Álcool" }, { "name": "Lata" }]},
	{ "name": "ESTÁDIO", "forbidden": [{ "name": "Futebol" }, { "name": "Esporte" }, { "name": "Espectador" }, { "name": "Jogo" }, { "name": "Lugar" }]},
	{ "name": "CADEIA", "forbidden": [{ "name": "Prisão" }, { "name": "Cela" }, { "name": "Xadrez" }, { "name": "Condenado" }, { "name": "Grade" }]},
	{ "name": "DARDO", "forbidden": [{ "name": "Lançar" }, { "name": "Arremessar" }, { "name": "Alvo" }, { "name": "Pontudo" }, { "name": "Acertar" }]},
	{ "name": "PALMADA", "forbidden": [{ "name": "Bater" }, { "name": "Acertar" }, { "name": "Criança" }, { "name": "Bumbum" }, { "name": "Mão" }]},
	{ "name": "DIAMANTE", "forbidden": [{ "name": "Pedra" }, { "name": "Anel" }, { "name": "Lapidar" }, { "name": "Jóia" }, { "name": "Noivado" }]},
	{ "name": "SELO", "forbidden": [{ "name": "Colecionar" }, { "name": "Envelope" }, { "name": "Carta" }, { "name": "Enviar" }, { "name": "Lamber" }]},
	{ "name": "BASQUETE", "forbidden": [{ "name": "Aro" }, { "name": "Arremessar" }, { "name": "Jogar" }, { "name": "Cesta" }, { "name": "Quadra" }]},
	{ "name": "GAITA", "forbidden": [{ "name": "Instrumento" }, { "name": "Blues" }, { "name": "Musical" }, { "name": "Boca" }, { "name": "Soprar" }]},
	{ "name": "PRENDER", "forbidden": [{ "name": "Polícia" }, { "name": "Cadeia" }, { "name": "Crime" }, { "name": "Lei" }, { "name": "Algema" }]},
	{ "name": "ALFINETE", "forbidden": [{ "name": "Agulha" }, { "name": "Cabeça" }, { "name": "Bola" }, { "name": "Segurança" }, { "name": "Broche" }]},
	{ "name": "AUDITÓRIO", "forbidden": [{ "name": "Teatro" }, { "name": "Multidão" }, { "name": "Aplauso" }, { "name": "Performance" }, { "name": "Pessoas" }]},
	{ "name": "CASPA", "forbidden": [{ "name": "Cabelo" }, { "name": "Escama" }, { "name": "Couro cabeludo" }, { "name": "Branco" }, { "name": "Neve" }]},
	{ "name": "AZAR", "forbidden": [{ "name": "Feitiçeira" }, { "name": "Maldição" }, { "name": "Feitiço" }, { "name": "Ruim" }, { "name": "Sorte" }]},
	{ "name": "PRESUNTO", "forbidden": [{ "name": "Porco" }, { "name": "Frio" }, { "name": "Queijo" }, { "name": "Carne" }, { "name": "Bacon" }]},
	{ "name": "RONCAR", "forbidden": [{ "name": "Dormir" }, { "name": "Som" }, { "name": "Noite" }, { "name": "Nariz" }, { "name": "Barulho" }]},
	{ "name": "REQUEIJÃO", "forbidden": [{ "name": "Queijo" }, { "name": "Pão" }, { "name": "Laticínio" }, { "name": "Cremoso" }, { "name": "Copo" }]},
	{ "name": "ATOR", "forbidden": [{ "name": "Performance" }, { "name": "Estrela" }, { "name": "Filme" }, { "name": "Teatro" }, { "name": "Televisão" }]},
	{ "name": "F H C", "forbidden": [{ "name": "Presidente" }, { "name": "Brasil" }, { "name": "Governar" }, { "name": "Sociólogo" }, { "name": "Plano Real" }]},
	{ "name": "SABÃO", "forbidden": [{ "name": "Limpar" }, { "name": "Lavar" }, { "name": "Espuma" }, { "name": "Lavanderia" }, { "name": "Bolha" }]},
	{ "name": "VIDEOTAPE", "forbidden": [{ "name": "Filme" }, { "name": "TV" }, { "name": "Imagens" }, { "name": "Passar" }, { "name": "Repetir" }]},
	{ "name": "CARTÃO DE VISITA", "forbidden": [{ "name": "Negócios" }, { "name": "Nome" }, { "name": "Telefone" }, { "name": "Papel" }, { "name": "Endereço" }]},
	{ "name": "ACUPUNTURA", "forbidden": [{ "name": "Agulha" }, { "name": "Chinês" }, { "name": "Medicinal" }, { "name": "Médico" }, { "name": "Dor" }]},
	{ "name": "VALENTE", "forbidden": [{ "name": "Intrépido" }, { "name": "Medo" }, { "name": "Perigoso" }, { "name": "Corajoso" }, { "name": "Forte" }]},
	{ "name": "APLAUSO", "forbidden": [{ "name": "Fim" }, { "name": "Viva" }, { "name": "Palmas" }, { "name": "Ovação" }, { "name": "Mãos" }]},
	{ "name": "CASCA", "forbidden": [{ "name": "Banana" }, { "name": "Crosta" }, { "name": "Pele" }, { "name": "Capa" }, { "name": "Laranja" }]},
	{ "name": "MODA", "forbidden": [{ "name": "Estilo" }, { "name": "Mania passageira" }, { "name": "Última" }, { "name": "Popular" }, { "name": "Moderno" }]},
	{ "name": "CHAMINÉ", "forbidden": [{ "name": "Telhado" }, { "name": "Fumaça" }, { "name": "Tijolo" }, { "name": "Lareira" }, { "name": "Papai Noel" }]},
	{ "name": "FOFOCA", "forbidden": [{ "name": "Vida" }, { "name": "Conversa" }, { "name": "Coluna" }, { "name": "Outro(s)" }, { "name": "Boato" }]},
	{ "name": "ACNE", "forbidden": [{ "name": "Espinha" }, { "name": "Adolescente" }, { "name": "Cravo" }, { "name": "Rosto" }, { "name": "Oleosa" }]},
	{ "name": "IMITAR", "forbidden": [{ "name": "Imitador" }, { "name": "Copiar" }, { "name": "Mímica" }, { "name": "Parecido" }, { "name": "Idêntico" }]},
	{ "name": "CANIVETE", "forbidden": [{ "name": "Suíço" }, { "name": "Escoteiro" }, { "name": "Lâmina" }, { "name": "Calça" }, { "name": "Cortar" }]},
	{ "name": "UVA PASSA", "forbidden": [{ "name": "Uva" }, { "name": "Fruta" }, { "name": "Seca" }, { "name": "Ameixa" }, { "name": "Enrugado" }]},
	{ "name": "VENENO", "forbidden": [{ "name": "Arsênico" }, { "name": "Venenoso" }, { "name": "Antídoto" }, { "name": "Caveira" }, { "name": "Cianureto" }]},
	{ "name": "GRAVATA", "forbidden": [{ "name": "Usar" }, { "name": "Homem" }, { "name": "Terno" }, { "name": "Camisa" }, { "name": "Colarinho" }]},
	{ "name": "EXPLOSÃO", "forbidden": [{ "name": "Apagar" }, { "name": "Detonar" }, { "name": "Estouro" }, { "name": "Dinamite" }, { "name": "Bomba" }]},
	{ "name": "DESPENHADEIRO", "forbidden": [{ "name": "Carrasco" }, { "name": "Montanha" }, { "name": "Limite" }, { "name": "Descer" }, { "name": "Passo" }]},
	{ "name": "CAMUFLAGEM", "forbidden": [{ "name": "Disfarce" }, { "name": "Uniforme" }, { "name": "Esconder" }, { "name": "Fingir" }, { "name": "Exército" }]},
	{ "name": "CALCINHA", "forbidden": [{ "name": "Náilon" }, { "name": "Lingerie" }, { "name": "Meia" }, { "name": "Perna" }, { "name": "Usar" }]},
	{ "name": "METRALHADORA", "forbidden": [{ "name": "Automática" }, { "name": "Arma" }, { "name": "Armamento" }, { "name": "UZI" }, { "name": "Tiro" }]},
	{ "name": "JOVEM GUARDA", "forbidden": [{ "name": "Calhambeque" }, { "name": "Tremendão" }, { "name": "Roberto Carlos" }, { "name": "Música" }, { "name": "Minissaia" }]},
	{ "name": "SAUDÁVEL", "forbidden": [{ "name": "Bem" }, { "name": "Forma" }, { "name": "Doente" }, { "name": "Sentir" }, { "name": "Corpo" }]},
	{ "name": "CARNE COZIDA", "forbidden": [{ "name": "Comida" }, { "name": "Ensopado" }, { "name": "Comer" }, { "name": "Cozinhar" }, { "name": "Bife" }]},
	{ "name": "LIXEIRA", "forbidden": [{ "name": "Lixo" }, { "name": "Resto" }, { "name": "Entulho" }, { "name": "Cesto" }, { "name": "Sujeira" }]},
	{ "name": "REVISTA", "forbidden": [{ "name": "Ler" }, { "name": "Matérias" }, { "name": "Assinatura" }, { "name": "Notícias" }, { "name": "Fotos" }]},
	{ "name": "AMÍDALA", "forbidden": [{ "name": "Garganta" }, { "name": "Operação" }, { "name": "Sorvete" }, { "name": "Tirar" }, { "name": "Cirurgia" }]},
	{ "name": "CHAVE INGLESA", "forbidden": [{ "name": "Grifo" }, { "name": "Ferramenta" }, { "name": "Mecânica" }, { "name": "Apertar" }, { "name": "Chave" }]},
	{ "name": "ZELADOR", "forbidden": [{ "name": "Porteiro" }, { "name": "Prédio" }, { "name": "Manutenção" }, { "name": "Limpeza" }, { "name": "Edifício" }]},
	{ "name": "COITADO", "forbidden": [{ "name": "Perdedor" }, { "name": "Favorito" }, { "name": "Vantagem" }, { "name": "Ganhar" }, { "name": "Derrotado" }]},
	{ "name": "PINÇA", "forbidden": [{ "name": "Arrancar" }, { "name": "Puxar" }, { "name": "Sobrancelha" }, { "name": "Quebrar" }, { "name": "Apertar" }]},
	{ "name": "CAIXA DE CORREIO", "forbidden": [{ "name": "Selo" }, { "name": "Correio" }, { "name": "Carta" }, { "name": "Envelope" }, { "name": "Mandar" }]},
	{ "name": "SÓTÃO", "forbidden": [{ "name": "Celeiro" }, { "name": "Teto" }, { "name": "Casa" }, { "name": "Depósito" }, { "name": "Aposento" }]},
	{ "name": "PNEUMONIA", "forbidden": [{ "name": "Doença" }, { "name": "Pulmão" }, { "name": "Indisposição" }, { "name": "Pegar" }, { "name": "Frio" }]},
	{ "name": "SEXTA FEIRA SANTA", "forbidden": [{ "name": "Bacalhau" }, { "name": "Procissão" }, { "name": "Páscoa" }, { "name": "Carne" }, { "name": "Sábado" }]},
	{ "name": "CHATO", "forbidden": [{ "name": "Plano" }, { "name": "Liso" }, { "name": "Mala" }, { "name": "Pé" }, { "name": "Inconveniente" }]},
	{ "name": "POEMA", "forbidden": [{ "name": "Soneto" }, { "name": "Rima" }, { "name": "Verso" }, { "name": "Escrever" }, { "name": "Palavras" }]},
	{ "name": "ESTRANGULAR", "forbidden": [{ "name": "Asfixiar" }, { "name": "Sufocar" }, { "name": "Pescoço" }, { "name": "Assassinar" }, { "name": "Garganta" }]},
	{ "name": "RESSACA", "forbidden": [{ "name": "Álcool" }, { "name": "Mal-estar" }, { "name": "Bêbado" }, { "name": "Bebida" }, { "name": "Manhã" }]},
	{ "name": "SACO", "forbidden": [{ "name": "Papel" }, { "name": "Lixo" }, { "name": "Plástico" }, { "name": "Pacote" }, { "name": "Dentro" }]},
	{ "name": "HISTÓRIA", "forbidden": [{ "name": "Conto" }, { "name": "Contar" }, { "name": "Ninar" }, { "name": "Ler" }, { "name": "Livro" }]},
	{ "name": "ESPIÃO", "forbidden": [{ "name": "Agente" }, { "name": "Informações" }, { "name": "Secreto" }, { "name": "James Bond" }, { "name": "Disfarce" }]},
	{ "name": "BEBÊ", "forbidden": [{ "name": "Infantil" }, { "name": "Recém nascido" }, { "name": "Neném" }, { "name": "Criança" }, { "name": "Grávida " }]},
	{ "name": "ENSOLARADO", "forbidden": [{ "name": "Claro" }, { "name": "Quente" }, { "name": "Verão" }, { "name": "Nublado" }, { "name": "Tempo" }]},
	{ "name": "AQUÁRIO", "forbidden": [{ "name": "Signo" }, { "name": "Peixe" }, { "name": "Água" }, { "name": "Mar" }, { "name": "Vidro" }]},
	{ "name": "ALERGIA", "forbidden": [{ "name": "Ácaro" }, { "name": "Espirro" }, { "name": "Sensibilidade" }, { "name": "Reação" }, { "name": "Pó" }]},
	{ "name": "TARZAN", "forbidden": [{ "name": "Jane" }, { "name": "Selva" }, { "name": "Chita" }, { "name": "Maçã" }, { "name": "Cipó" }]},
	{ "name": "JUVENIL", "forbidden": [{ "name": "Imaturo" }, { "name": "Adolescente" }, { "name": "Moçada" }, { "name": "Adulto" }, { "name": "Jovem" }]},
	{ "name": "MADEIRA", "forbidden": [{ "name": "Lenha" }, { "name": "Floresta" }, { "name": "Tora" }, { "name": "Árvore" }, { "name": "Construir" }]},
	{ "name": "BOXE", "forbidden": [{ "name": "Pugilista" }, { "name": "Mike Tyson" }, { "name": "Peso-pesado" }, { "name": "Popó" }, { "name": "Luva" }]},
	{ "name": "ARTRITE", "forbidden": [{ "name": "Reumatismo" }, { "name": "Dolorido" }, { "name": "Juntas" }, { "name": "Velho" }, { "name": "Dor" }]},
	{ "name": "CORTE", "forbidden": [{ "name": "Juiz" }, { "name": "Tribunal" }, { "name": "Julgamento" }, { "name": "Júri" }, { "name": "Réu" }]},
	{ "name": "BERINJELA", "forbidden": [{ "name": "Legume" }, { "name": "Vegetal" }, { "name": "Roxo" }, { "name": "Comer" }, { "name": "Crescer" }]},
	{ "name": "BANCO", "forbidden": [{ "name": "Praça" }, { "name": "Assento" }, { "name": "Dinheiro" }, { "name": "Sentar" }, { "name": "Depósito" }]},
	{ "name": "QUARTETO", "forbidden": [{ "name": "Quatro" }, { "name": "Conjunto" }, { "name": "Música" }, { "name": "Grupo" }, { "name": "Cantores" }]},
	{ "name": "CAUBÓI", "forbidden": [{ "name": "Chapéu" }, { "name": "Cavalo" }, { "name": "Rodeio" }, { "name": "Peão" }, { "name": "Barretos" }]},
	{ "name": "CARANGUEJO", "forbidden": [{ "name": "Fruto do mar" }, { "name": "Crustáceo" }, { "name": "Siri" }, { "name": "Câncer" }, { "name": "Pinça" }]},
	{ "name": "ANATOMIA", "forbidden": [{ "name": "Corpo" }, { "name": "Esqueleto" }, { "name": "Músculo" }, { "name": "Doutor" }, { "name": "Estudar" }]},
	{ "name": "NEGATIVO", "forbidden": [{ "name": "Positivo" }, { "name": "Menos" }, { "name": "Filme" }, { "name": "Foto" }, { "name": "Atitude" }]},
	{ "name": "CHEIRAR", "forbidden": [{ "name": "Perfume" }, { "name": "Odor" }, { "name": "Nariz" }, { "name": "Aroma" }, { "name": "Respirar" }]},
	{ "name": "CENTRO DA CIDADE", "forbidden": [{ "name": "Ir" }, { "name": "Cidade" }, { "name": "Movimento" }, { "name": "Urbano" }, { "name": "Avenida " }]},
	{ "name": "CID MOREIRA", "forbidden": [{ "name": "Globo" }, { "name": "Âncora" }, { "name": "Jornal" }, { "name": "Apresentador" }, { "name": "TV" }]},
	{ "name": "ALMANAQUE", "forbidden": [{ "name": "Turma da Mônica" }, { "name": "Disney" }, { "name": "Gibi" }, { "name": "Histórias" }, { "name": "Livro" }]},
	{ "name": "POLICIAL", "forbidden": [{ "name": "Tira" }, { "name": "Arma" }, { "name": "Lei" }, { "name": "Distintivo" }, { "name": "Delegacia" }]},
	{ "name": "VIZINHO", "forbidden": [{ "name": "Morar" }, { "name": "Rua" }, { "name": "Quarteirão" }, { "name": "Casa" }, { "name": "Apartamento" }]},
	{ "name": "HISTÓRIA", "forbidden": [{ "name": "Conto" }, { "name": "Contar" }, { "name": "Ninar" }, { "name": "Ler" }, { "name": "Livro" }]},
	{ "name": "EXPLODIR", "forbidden": [{ "name": "Dinamite" }, { "name": "Explosão" }, { "name": "Estouro" }, { "name": "Estrondo" }, { "name": "Disparo" }]},
	{ "name": "PONTE", "forbidden": [{ "name": "Rio-Niterói" }, { "name": "Da amizade" }, { "name": "Água" }, { "name": "Atravessar" }, { "name": "Rio" }]},
	{ "name": "ANTÍDOTO", "forbidden": [{ "name": "Veneno" }, { "name": "Cura" }, { "name": "Remédio" }, { "name": "Droga" }, { "name": "Neutralizar" }]},
	{ "name": "SALÁRIO", "forbidden": [{ "name": "Pagamento" }, { "name": "Ordenado" }, { "name": "Mês" }, { "name": "Trabalho" }, { "name": "Dinheiro" }]},
	{ "name": "CÍRCULO", "forbidden": [{ "name": "Forma" }, { "name": "Redondo" }, { "name": "Anel" }, { "name": "360 graus" }, { "name": "Quadrado " }]},
	{ "name": "ARCO-ÍRIS", "forbidden": [{ "name": "Atrás" }, { "name": "Cores" }, { "name": "Ouro" }, { "name": "Céu" }, { "name": "Sol" }]},
	{ "name": "BAND-AID", "forbidden": [{ "name": "Gaze" }, { "name": "Cobrir" }, { "name": "Machucado" }, { "name": "Corte" }, { "name": "Curativo" }]},
	{ "name": "FANTASMA", "forbidden": [{ "name": "Gasparzinho" }, { "name": "Espírito" }, { "name": "Noite" }, { "name": "Lençol" }, { "name": "Assombrado" }]},
	{ "name": "ANTONIO FAGUNDES", "forbidden": [{ "name": "Ator" }, { "name": "Artista" }, { "name": "TV" }, { "name": "Galã" }, { "name": "Novela " }]},
	{ "name": "TOQUE DE RECOLHER", "forbidden": [{ "name": "Data" }, { "name": "Hora" }, { "name": "Tempo" }, { "name": "Dentro" }, { "name": "Casa" }]},
	{ "name": "ESTÁTUA", "forbidden": [{ "name": "Parado" }, { "name": "Mover" }, { "name": "Mexer" }, { "name": "Mármore" }, { "name": "Ficar" }]},
	{ "name": "ESCRITÓRIO", "forbidden": [{ "name": "Trabalho" }, { "name": "Negócios" }, { "name": "Mesa" }, { "name": "Emprego" }, { "name": "Empresa" }]},
	{ "name": "GARRINCHA", "forbidden": [{ "name": "Futebol" }, { "name": "Perna" }, { "name": "Torta" }, { "name": "Drible" }, { "name": "Botafogo" }]},
	{ "name": "VELA", "forbidden": [{ "name": "Pavio" }, { "name": "Cera" }, { "name": "Chama" }, { "name": "Queimar" }, { "name": "Luz" }]},
	{ "name": "POLTRONA", "forbidden": [{ "name": "Reclinar" }, { "name": "Sentar" }, { "name": "Descansar" }, { "name": "Sofá" }, { "name": "Braço" }]},
	{ "name": "TUBARÃO", "forbidden": [{ "name": "Peixe" }, { "name": "Martelo" }, { "name": "Dente" }, { "name": "Filme" }, { "name": "Mordida" }]},
	{ "name": "BORBOLETA", "forbidden": [{ "name": "Asa" }, { "name": "Mariposa" }, { "name": "Lagarta" }, { "name": "Casulo" }, { "name": "Voar" }]},
	{ "name": "LAPTOP", "forbidden": [{ "name": "Computador" }, { "name": "Micro" }, { "name": "Levar" }, { "name": "Desktop" }, { "name": "Portátil" }]},
	{ "name": "CONVENÇÃO", "forbidden": [{ "name": "Congresso" }, { "name": "Encontro" }, { "name": "Acordo" }, { "name": "Reunião" }, { "name": "Tratado" }]},
	{ "name": "PASTA", "forbidden": [{ "name": "Papéis" }, { "name": "Trabalho" }, { "name": "Negócios" }, { "name": "Carregar" }, { "name": "Executivo" }]},
	{ "name": "PÍLULA", "forbidden": [{ "name": "Comprimido" }, { "name": "Remédio" }, { "name": "Cápsula" }, { "name": "Engolir" }, { "name": "anticoncepcio-nal" }]},
	{ "name": "BANDEIRA", "forbidden": [{ "name": "Verde" }, { "name": "Amarelo" }, { "name": "País" }, { "name": "Time" }, { "name": "Agitar" }]},
	{ "name": "MOINHO DE VENTO", "forbidden": [{ "name": "Holanda" }, { "name": "Holandês" }, { "name": "Cata-vento" }, { "name": "Pá/palheta" }, { "name": "Girar" }]},
	{ "name": "JORNAL", "forbidden": [{ "name": "Impressão" }, { "name": "Imprensa" }, { "name": "Diário" }, { "name": "Repórteres" }, { "name": "Ler" }]},
	{ "name": "TOQUE", "forbidden": [{ "name": "Mãos" }, { "name": "Não" }, { "name": "Sentir" }, { "name": "Tato" }, { "name": "Ponto" }]},
	{ "name": "CIRURGIA PLÁSTICA", "forbidden": [{ "name": "Rugas" }, { "name": "Jovem" }, { "name": "Cirurgião-plástica" }, { "name": "Operação" }, { "name": "Cosmético" }]},
	{ "name": "MARACUJÁ", "forbidden": [{ "name": "Rugas" }, { "name": "Azedo" }, { "name": "Semente" }, { "name": "Fruta" }, { "name": "Amarelo" }]},
	{ "name": "SUBMARINO", "forbidden": [{ "name": "Periscópio" }, { "name": "Subaquático" }, { "name": "Amarelo" }, { "name": "Torpedo" }, { "name": "Água" }]},
	{ "name": "PRÊMIO", "forbidden": [{ "name": "Honra" }, { "name": "Troféu" }, { "name": "Ganhar" }, { "name": "Oscar" }, { "name": "Academia" }]},
	{ "name": "HAMSTER", "forbidden": [{ "name": "Animal" }, { "name": "Estimação" }, { "name": "Gaiola" }, { "name": "Rato" }, { "name": "Rodinha" }]},
	{ "name": "HERÓI", "forbidden": [{ "name": "Admirar" }, { "name": "Salvar" }, { "name": "Esporte" }, { "name": "Vida" }, { "name": "Corajoso" }]},
	{ "name": "ÉTICA", "forbidden": [{ "name": "Valor" }, { "name": "Político" }, { "name": "Escrúpulo" }, { "name": "Modelo" }, { "name": "Moral" }]},
	{ "name": "CALDA", "forbidden": [{ "name": "Chocolate" }, { "name": "Sorvete" }, { "name": "Cobertura" }, { "name": "Doce" }, { "name": "Sundae" }]},
	{ "name": "GALERIA", "forbidden": [{ "name": "Arte" }, { "name": "Museu" }, { "name": "Quadros" }, { "name": "Mostra" }, { "name": "Pintura" }]},
	{ "name": "AUTÓGRAFO", "forbidden": [{ "name": "Famoso" }, { "name": "Assinatura" }, { "name": "Escrever" }, { "name": "Nome" }, { "name": "Celebridade " }]},
	{ "name": "COMÉDIA", "forbidden": [{ "name": "Piada" }, { "name": "Divertido" }, { "name": "Risada" }, { "name": "Sério" }, { "name": "Tragédia" }]},
	{ "name": "ADÃO", "forbidden": [{ "name": "Eva" }, { "name": "Éden" }, { "name": "Maçã" }, { "name": "Pecado" }, { "name": "Homem" }]},
	{ "name": "CRUZEIRO", "forbidden": [{ "name": "Navio" }, { "name": "Férias" }, { "name": "Barco" }, { "name": "Transatlântico" }, { "name": "Mar" }]},
	{ "name": "ABORRECIDO", "forbidden": [{ "name": "Triste" }, { "name": "Infeliz" }, { "name": "Boca" }, { "name": "Rosto" }, { "name": "Sorriso" }]},
	{ "name": "APARTAMENTO", "forbidden": [{ "name": "Flat" }, { "name": "Aluguel" }, { "name": "Morar" }, { "name": "Casa" }, { "name": "Prédio" }]},
	{ "name": "CORDA BAMBA", "forbidden": [{ "name": "Circo" }, { "name": "Acrobata" }, { "name": "Balançar" }, { "name": "Andar" }, { "name": "Cair" }]},
	{ "name": "ALICHE", "forbidden": [{ "name": "Peixe" }, { "name": "Pizza" }, { "name": "Salgado" }, { "name": "Colocar" }, { "name": "Pedir" }]},
	{ "name": "RECANTO", "forbidden": [{ "name": "Luxo" }, { "name": "Férias" }, { "name": "Retiro" }, { "name": "Hotel" }, { "name": "Ficar" }]},
	{ "name": "SAMURAI", "forbidden": [{ "name": "Japão" }, { "name": "Espada" }, { "name": "Guerreiro" }, { "name": "Soldado" }, { "name": "Honra" }]},
	{ "name": "FRANGO A PASSARINHO", "forbidden": [{ "name": "Galinha" }, { "name": "Fritar" }, { "name": "Óleo" }, { "name": "Pedaço" }, { "name": "Alho" }]},
	{ "name": "FÃ", "forbidden": [{ "name": "Ídolo" }, { "name": "Clube" }, { "name": "Autógrafo" }, { "name": "Aplauso" }, { "name": "Famoso" }]},
	{ "name": "SECRETO", "forbidden": [{ "name": "Agente" }, { "name": "Sigiloso" }, { "name": "Confidencial" }, { "name": "Saber" }, { "name": "Ninguém" }]},
	{ "name": "DESCONGELAR", "forbidden": [{ "name": "Gelo" }, { "name": "Freezer" }, { "name": "Degelo" }, { "name": "Derreter" }, { "name": "Geladeira" }]},
	{ "name": "GARRAFA TÉRMICA", "forbidden": [{ "name": "Garrafa" }, { "name": "Quente" }, { "name": "Frio" }, { "name": "Café" }, { "name": "Bebida" }]},
	{ "name": "ATAQUE", "forbidden": [{ "name": "Coração" }, { "name": "Assalto" }, { "name": "Roubar" }, { "name": "Batalha" }, { "name": "Defender" }]},
	{ "name": "BICICLETA", "forbidden": [{ "name": "Duas rodas" }, { "name": "Guidão" }, { "name": "Pedal" }, { "name": "Marcha" }, { "name": "Andar" }]},
	{ "name": "JAQUETA", "forbidden": [{ "name": "Casaco" }, { "name": "Blusão" }, { "name": "Vestir" }, { "name": "Agasalho" }, { "name": "Esporte" }]},
	{ "name": "XAMPU", "forbidden": [{ "name": "Lavar" }, { "name": "Cabelo" }, { "name": "Ensaboar" }, { "name": "Espuma" }, { "name": "Condicionador" }]},
	{ "name": "BOTO", "forbidden": [{ "name": "Flipper" }, { "name": "Golfinho" }, { "name": "Cor de rosa" }, { "name": "Água" }, { "name": "Inteligente" }]},
	{ "name": "DISFARCE", "forbidden": [{ "name": "Traje" }, { "name": "Esconder" }, { "name": "Mudança" }, { "name": "Visual" }, { "name": "Aparência" }]},
	{ "name": "SARAMPO", "forbidden": [{ "name": "Caxumba" }, { "name": "Mancha" }, { "name": "Vermelho" }, { "name": "Catapora" }, { "name": "Doença" }]},
	{ "name": "ESPINAFRE", "forbidden": [{ "name": "Popeye" }, { "name": "Verde" }, { "name": "Comer" }, { "name": "Verdura" }, { "name": "Forte" }]},
	{ "name": "IGLU", "forbidden": [{ "name": "Esquimó" }, { "name": "Neve" }, { "name": "Alasca" }, { "name": "Casa" }, { "name": "Gelo" }]},
	{ "name": "QUEIMADURA DE SOL", "forbidden": [{ "name": "Vermelho" }, { "name": "Pele" }, { "name": "Protetor" }, { "name": "Bronzeado" }, { "name": "Sundown" }]},
	{ "name": "CAVAQUINHO", "forbidden": [{ "name": "Violão" }, { "name": "Música" }, { "name": "Instrumento" }, { "name": "Corda" }, { "name": "Pagode" }]},
	{ "name": "GOL", "forbidden": [{ "name": "Bola" }, { "name": "Futebol" }, { "name": "De placa" }, { "name": "Placar" }, { "name": "Rede" }]},
	{ "name": "VIOLÃO", "forbidden": [{ "name": "Música" }, { "name": "Cordas" }, { "name": "Dedilhar" }, { "name": "Tocar" }, { "name": "Viola" }]},
	{ "name": "GATILHO", "forbidden": [{ "name": "Arma" }, { "name": "Revólver" }, { "name": "Rápido" }, { "name": "Apertar" }, { "name": "Tiro" }]},
	{ "name": "SNORKEL", "forbidden": [{ "name": "Pé de pato" }, { "name": "Nadar" }, { "name": "Água" }, { "name": "Respirar" }, { "name": "Mergulhar" }]},
	{ "name": "LIMÃO", "forbidden": [{ "name": "Cítrico" }, { "name": "Azedo" }, { "name": "Lima" }, { "name": "Fruta" }, { "name": "Verde " }]},
	{ "name": "SUÉTER", "forbidden": [{ "name": "Vestir" }, { "name": "Frio" }, { "name": "Tricô" }, { "name": "Lã" }, { "name": "Malha" }]},
	{ "name": "CONSERVA", "forbidden": [{ "name": "Azeitona" }, { "name": "Comida" }, { "name": "Lata" }, { "name": "Embalagem" }, { "name": "Atum" }]},
	{ "name": "BONITÃO", "forbidden": [{ "name": "Atraente" }, { "name": "Deslumbrante" }, { "name": "Bonito" }, { "name": "Cara" }, { "name": "Visual" }]},
	{ "name": "PÃO", "forbidden": [{ "name": "De forma" }, { "name": "Torrada" }, { "name": "Sanduíche" }, { "name": "Francês" }, { "name": "Padaria" }]},
	{ "name": "MARIA FUMAÇA", "forbidden": [{ "name": "Primeiro" }, { "name": "Trem" }, { "name": "Locomotiva" }, { "name": "Vapor" }, { "name": "Trilho" }]},
	{ "name": "VÊNUS", "forbidden": [{ "name": "Amor" }, { "name": "Deusa" }, { "name": "Planeta" }, { "name": "Mulher" }, { "name": "Beleza" }]},
	{ "name": "MONARQUIA", "forbidden": [{ "name": "República" }, { "name": "Rei" }, { "name": "Governar" }, { "name": "Rainha" }, { "name": "Inglaterra" }]},
	{ "name": "SHOPPING CENTER", "forbidden": [{ "name": "Compras" }, { "name": "Praça de alimentação" }, { "name": "Lojas" }, { "name": "Cinema" }, { "name": "Lugar" }]},
	{ "name": "MAU HUMOR", "forbidden": [{ "name": "Problemas" }, { "name": "Azedo" }, { "name": "Irritado" }, { "name": "Carrancudo" }, { "name": "Jeito" }]},
	{ "name": "PIANO", "forbidden": [{ "name": "Tecla" }, { "name": "Instrumento" }, { "name": "Marfim" }, { "name": "Cauda" }, { "name": "Música" }]},
	{ "name": "EMBRIAGADO", "forbidden": [{ "name": "Bêbado" }, { "name": "Intoxicado" }, { "name": "Chapado" }, { "name": "Álcool" }, { "name": "Sóbrio" }]},
	{ "name": "FÉRIAS", "forbidden": [{ "name": "Viagem" }, { "name": "Trabalho" }, { "name": "Fora" }, { "name": "Verão" }, { "name": "Passear" }]},
	{ "name": "ÔNIBUS ESPACIAL", "forbidden": [{ "name": "Challenger" }, { "name": "Columbia" }, { "name": "Estados Unidos" }, { "name": "Espaço" }, { "name": "Órbita" }]},
	{ "name": "CURIOSIDADE", "forbidden": [{ "name": "Interesse" }, { "name": "Gato" }, { "name": "Perguntar" }, { "name": "Abelhudo" }, { "name": "questões" }]},
	{ "name": "DISCUSSÃO", "forbidden": [{ "name": "Debate" }, { "name": "Briga" }, { "name": "Disputa" }, { "name": "Voz" }, { "name": "Gritar" }]},
	{ "name": "ESTÁTUA DA LIBERDADE", "forbidden": [{ "name": "Tocha" }, { "name": "Estados Unidos" }, { "name": "Nova York" }, { "name": "Mulher" }, { "name": "Monumento" }]},
	{ "name": "ASSINATURA", "forbidden": [{ "name": "Nome" }, { "name": "Doumento" }, { "name": "Jornal" }, { "name": "Revista" }, { "name": "Autógrafo" }]},
	{ "name": "COCAR", "forbidden": [{ "name": "Roupar" }, { "name": "Índio" }, { "name": "Cabeça" }, { "name": "Penas" }, { "name": "Usar" }]},
	{ "name": "LARANJA", "forbidden": [{ "name": "Cítrico" }, { "name": "Suco" }, { "name": "Redondo" }, { "name": "Fruta" }, { "name": "Cor" }]},
	{ "name": "FACA", "forbidden": [{ "name": "Cutelaria" }, { "name": "Afiada" }, { "name": "Colher" }, { "name": "Garfo" }, { "name": "Canivete" }]},
	{ "name": "RECHEAR", "forbidden": [{ "name": "Peru" }, { "name": "Torta" }, { "name": "Pão" }, { "name": "Recheio" }, { "name": "Forno" }]},
	{ "name": "CANETA", "forbidden": [{ "name": "Escrever" }, { "name": "Esferográfica" }, { "name": "Hidrográfica" }, { "name": "Bic" }, { "name": "Tinta" }]},
	{ "name": "PELADO", "forbidden": [{ "name": "Despir" }, { "name": "Roupa" }, { "name": "Stripper" }, { "name": "Nu" }, { "name": "Nudismo " }]},
	{ "name": "SÃO BERNARDO", "forbidden": [{ "name": "Cachorro" }, { "name": "Salvar" }, { "name": "Alpes" }, { "name": "Conhaque" }, { "name": "Neve" }]},
	{ "name": "RÉVEILLON", "forbidden": [{ "name": "Festa" }, { "name": "Fogos de artifício" }, { "name": "Janeiro" }, { "name": "Dezembro" }, { "name": "Meia-noite" }]},
	{ "name": "PATA", "forbidden": [{ "name": "Pé" }, { "name": "Animal" }, { "name": "Garra" }, { "name": "Pato" }, { "name": "Perna" }]},
	{ "name": "DENTISTA", "forbidden": [{ "name": "Doutor" }, { "name": "Dente" }, { "name": "Obturação" }, { "name": "Canal" }, { "name": "Motor" }]},
	{ "name": "PORÃO", "forbidden": [{ "name": "Celeiro" }, { "name": "Embaixo" }, { "name": "Casa" }, { "name": "Lugar" }, { "name": "debaixo" }]},
	{ "name": "COCEIRA", "forbidden": [{ "name": "Pele" }, { "name": "Coçar" }, { "name": "Esfregar" }, { "name": "Urticária" }, { "name": "Picada " }]},
	{ "name": "PRAIA", "forbidden": [{ "name": "Costa" }, { "name": "Areia" }, { "name": "Onda" }, { "name": "Concha" }, { "name": "Água" }]},
	{ "name": "LIVRO", "forbidden": [{ "name": "Estudar" }, { "name": "Páginas" }, { "name": "Romance" }, { "name": "Livraria" }, { "name": "Ler" }]},
	{ "name": "ESTRESSE", "forbidden": [{ "name": "Nervoso" }, { "name": "Tensão" }, { "name": "Pressão" }, { "name": "Ansiedade" }, { "name": "Trabalho" }]},
	{ "name": "DEPOIMENTO", "forbidden": [{ "name": "Tribunal" }, { "name": "Evidência" }, { "name": "Testemunha" }, { "name": "Dar" }, { "name": "Juramento" }]},
	{ "name": "CENÁRIO", "forbidden": [{ "name": "Vista" }, { "name": "Beleza" }, { "name": "Panorama" }, { "name": "Paisagem" }, { "name": "mudança" }]},
	{ "name": "PENEIRA", "forbidden": [{ "name": "Escorredor" }, { "name": "Coador" }, { "name": "Secar" }, { "name": "Buracos" }, { "name": "Sol " }]},
	{ "name": "CRÍTICO", "forbidden": [{ "name": "Filme" }, { "name": "Julgar" }, { "name": "Examinador" }, { "name": "Escrever" }, { "name": "Opinião" }]},
	{ "name": "NEGOCIANTE", "forbidden": [{ "name": "Dinheiro" }, { "name": "Esperto" }, { "name": "Vender" }, { "name": "Comprar" }, { "name": "Carro" }]},
	{ "name": "ENTREGADOR DE JORNAL", "forbidden": [{ "name": "Jornal" }, { "name": "Distribuir" }, { "name": "Bicleta" }, { "name": "Entrega" }, { "name": "Manhã" }]},
	{ "name": "BARMAN", "forbidden": [{ "name": "Drinque" }, { "name": "Coqueteleira" }, { "name": "Álcool" }, { "name": "Servir" }, { "name": "Fazer" }]},
	{ "name": "PIJAMA", "forbidden": [{ "name": "Camisola" }, { "name": "Dormir" }, { "name": "Robe" }, { "name": "Roupa" }, { "name": "Cama" }]},
	{ "name": "MANDA-CHUVA", "forbidden": [{ "name": "Guarda-sol" }, { "name": "Chuva" }, { "name": "Praia" }, { "name": "Seca" }, { "name": "Molhar" }]},
	{ "name": "RICO", "forbidden": [{ "name": "Milionário" }, { "name": "Luxúria" }, { "name": "Abastado" }, { "name": "Riqueza" }, { "name": "Dinheiro" }]},
	{ "name": "ALMOÇO", "forbidden": [{ "name": "Refeição" }, { "name": "Jantar" }, { "name": "Alimento" }, { "name": "Comer" }, { "name": "Café da manhã" }]},
	{ "name": "FONDUE", "forbidden": [{ "name": "Chocolate" }, { "name": "Garfo" }, { "name": "Queijo" }, { "name": "Molhar" }, { "name": "Pão" }]},
	{ "name": "PÓ", "forbidden": [{ "name": "Sujeira" }, { "name": "Aspirador" }, { "name": "Tirar" }, { "name": "Limpar" }, { "name": "Móveis" }]},
	{ "name": "CHAMADA TELEFÔNICA", "forbidden": [{ "name": "Telefone" }, { "name": "Discar" }, { "name": "Tocar" }, { "name": "Nome" }, { "name": "Falar" }]},
	{ "name": "LUA-DE-MEL", "forbidden": [{ "name": "Casamento" }, { "name": "Recém-casado" }, { "name": "Noivos" }, { "name": "Viagem" }, { "name": "Depois" }]},
	{ "name": "CARTEIRA", "forbidden": [{ "name": "Documento" }, { "name": "Bolsa" }, { "name": "Dinheiro" }, { "name": "Cartão de crédito" }, { "name": "Bolso" }]},
	{ "name": "QUEDA", "forbidden": [{ "name": "Bolsa de valores" }, { "name": "Acidente" }, { "name": "Avião" }, { "name": "Cair" }, { "name": "Livre " }]},
	{ "name": "JUIZ", "forbidden": [{ "name": "Árbitro" }, { "name": "Futebol" }, { "name": "Esporte" }, { "name": "Regra" }, { "name": "Apitar" }]},
	{ "name": "BICHO-PREGUIÇA", "forbidden": [{ "name": "Árvore" }, { "name": "Devagar" }, { "name": "Lento" }, { "name": "Garras" }, { "name": "Animal " }]},
	{ "name": "FITA", "forbidden": [{ "name": "Crepe" }, { "name": "Laço" }, { "name": "Cassete" }, { "name": "Vídeo" }, { "name": "Durex" }]},
	{ "name": "BRIGADEIRO", "forbidden": [{ "name": "Comer" }, { "name": "Chocolate" }, { "name": "Granulado" }, { "name": "Festa" }, { "name": "Doce" }]},
	{ "name": "IDADE DA PEDRA", "forbidden": [{ "name": "Flintstones" }, { "name": "Pré-histórico" }, { "name": "Tempo" }, { "name": "Dinossauro" }, { "name": "Homem das cavernas" }]},
	{ "name": "BLUSH", "forbidden": [{ "name": "Vermelho" }, { "name": "Bochecha" }, { "name": "Maquiagem" }, { "name": "Pó" }, { "name": "Rosto" }]},
	{ "name": "HOTEL", "forbidden": [{ "name": "Motel" }, { "name": "Quarto" }, { "name": "Check-in" }, { "name": "Dormir" }, { "name": "Estadia" }]},
	{ "name": "TAVERNA", "forbidden": [{ "name": "Beber" }, { "name": "Hospedaria" }, { "name": "Bar" }, { "name": "Bodega" }, { "name": "inglaterra" }]},
	{ "name": "MANCHA", "forbidden": [{ "name": "Batom" }, { "name": "Gordura" }, { "name": "Borrão" }, { "name": "Esfregar" }, { "name": "Tinta" }]},
	{ "name": "AUTRÁLIA", "forbidden": [{ "name": "Canguru" }, { "name": "Sidnei" }, { "name": "Coala" }, { "name": "Crocodilo Dundee" }, { "name": "" }]},
	{ "name": "PASTEL", "forbidden": [{ "name": "Carne" }, { "name": "Queijo" }, { "name": "Frito" }, { "name": "Feira" }, { "name": "Massa" }]},
	{ "name": "HIPOTECA", "forbidden": [{ "name": "Banco" }, { "name": "Casa" }, { "name": "Dívida" }, { "name": "Pagamento" }, { "name": "Residência" }]},
	{ "name": "CASADO DE PELE", "forbidden": [{ "name": "Pêlo" }, { "name": "Animal" }, { "name": "Visom" }, { "name": "Chinchila" }, { "name": "Raposa" }]},
	{ "name": "TOALETE", "forbidden": [{ "name": "Vaso" }, { "name": "Banheiro" }, { "name": "Descarga" }, { "name": "Sentar" }, { "name": "Privada" }]},
	{ "name": "CÂMERA", "forbidden": [{ "name": "Tirar" }, { "name": "Retrato" }, { "name": "Filme" }, { "name": "Foto" }, { "name": "Flash" }]},
	{ "name": "TORNADO", "forbidden": [{ "name": "Furacão" }, { "name": "Vento" }, { "name": "Funil" }, { "name": "Tempestade" }, { "name": "Ciclone" }]},
	{ "name": "PONTO DE TRICÔ", "forbidden": [{ "name": "Fio" }, { "name": "Agulhas" }, { "name": "Pulôver" }, { "name": "Crochê" }, { "name": "Laçada" }]},
	{ "name": "BALÃO", "forbidden": [{ "name": "Gás hélio" }, { "name": "Encher" }, { "name": "Ar" }, { "name": "Borracha" }, { "name": "Estourar" }]},
	{ "name": "DURO", "forbidden": [{ "name": "Rígido" }, { "name": "Cadáver" }, { "name": "Morto" }, { "name": "Mole" }, { "name": "Sólido" }]},
	{ "name": "PLANTAÇÃO", "forbidden": [{ "name": "Terra" }, { "name": "Vegetal" }, { "name": "Fazenda" }, { "name": "Colheita " }, { "name": "" }]},
	{ "name": "UNHA", "forbidden": [{ "name": "Polir" }, { "name": "Manicure" }, { "name": "Dedo do pé" }, { "name": "Cutícula" }, { "name": "Dedo" }]},
	{ "name": "CONCHA", "forbidden": [{ "name": "Sopa" }, { "name": "Mar" }, { "name": "Molusco" }, { "name": "Acústica" }, { "name": "Feijão" }]},
	{ "name": "CAIPIRINHA", "forbidden": [{ "name": "Gelo" }, { "name": "Álcool" }, { "name": "Pinga" }, { "name": "Beber" }, { "name": "Limão" }]},
	{ "name": "ELENCO", "forbidden": [{ "name": "Ator" }, { "name": "Peça" }, { "name": "Novela" }, { "name": "Filme" }, { "name": "Lista" }]},
	{ "name": "VITAMINA C", "forbidden": [{ "name": "Sistema imunológico" }, { "name": "Resfriado" }, { "name": "Laranja" }, { "name": "Cítico" }, { "name": "Pílulas" }]},
	{ "name": "BANQUETE", "forbidden": [{ "name": "Comer" }, { "name": "Festa" }, { "name": "Comida" }, { "name": "Jantar" }, { "name": "Discurso" }]},
	{ "name": "BULE", "forbidden": [{ "name": "Servir" }, { "name": "Água" }, { "name": "Café" }, { "name": "Chaleira" }, { "name": "Bico" }]},
	{ "name": "DESEJO", "forbidden": [{ "name": "Querer" }, { "name": "Aspirar" }, { "name": "Vontade" }, { "name": "Grávida" }, { "name": "Ânsia" }]},
	{ "name": "ENCANADOR", "forbidden": [{ "name": "Vazamento" }, { "name": "Cano" }, { "name": "Banheiro" }, { "name": "Pia" }, { "name": "Consertar" }]},
	{ "name": "OVO", "forbidden": [{ "name": "Mexido" }, { "name": "Gema" }, { "name": "Galinha" }, { "name": "Frito" }, { "name": "Cozido" }]},
	{ "name": "COLAR", "forbidden": [{ "name": "Pérolas" }, { "name": "Jóia" }, { "name": "Bracelete" }, { "name": "Garganta" }, { "name": "Usar" }]},
	{ "name": "CD", "forbidden": [{ "name": "Música" }, { "name": "LP" }, { "name": "Disco" }, { "name": "Laser" }, { "name": "Som" }]},
	{ "name": "CASCÃO", "forbidden": [{ "name": "Personagem" }, { "name": "Turma da Mônica" }, { "name": "Banho" }, { "name": "Mõnica/Cebolinha" }, { "name": "Sujo" }]},
	{ "name": "CARTA", "forbidden": [{ "name": "Mandar" }, { "name": "Baralho" }, { "name": "Truco" }, { "name": "Envelope" }, { "name": "Jogar" }]},
	{ "name": "AMBULÂNCIA", "forbidden": [{ "name": "Sirene" }, { "name": "Médido" }, { "name": "Emergência" }, { "name": "Hospital" }, { "name": "Veículo" }]},
	{ "name": "ARTISTA", "forbidden": [{ "name": "Pintor" }, { "name": "Escultor" }, { "name": "Desenhista" }, { "name": "Estúdio" }, { "name": "Cavalete" }]},
	{ "name": "IMPRENSA", "forbidden": [{ "name": "Notícia" }, { "name": "Repórter" }, { "name": "Jornal" }, { "name": "Midía" }, { "name": "Conferência" }]},
	{ "name": "ESTUFA", "forbidden": [{ "name": "Vidro" }, { "name": "Planta" }, { "name": "Flor" }, { "name": "Crescer" }, { "name": "Aquecer " }]},
	{ "name": "TOALHA", "forbidden": [{ "name": "Secar" }, { "name": "Absorver" }, { "name": "Molhado" }, { "name": "Banho" }, { "name": "Banheiro" }]},
	{ "name": "FAVELA", "forbidden": [{ "name": "Barraco" }, { "name": "Cidade" }, { "name": "Pobre" }, { "name": "Morro" }, { "name": "Viver" }]},
	{ "name": "LENTES DE CONTATO", "forbidden": [{ "name": "Olhos" }, { "name": "Visão" }, { "name": "Óculos" }, { "name": "Usar" }, { "name": "Enxergar" }]},
	{ "name": "CRIME ", "forbidden": [{ "name": "Prender" }, { "name": "Lei" }, { "name": "Ilegal" }, { "name": "Cometer" }, { "name": "Prisão " }]},
	{ "name": "CASTOR", "forbidden": [{ "name": "Folha" }, { "name": "Árvore" }, { "name": "Animal" }, { "name": "Represa" }, { "name": "Dente" }]},
	{ "name": "COSTELA", "forbidden": [{ "name": "Churrasco" }, { "name": "Tórax" }, { "name": "Comida" }, { "name": "Osso" }, { "name": "costeleta" }]},
	{ "name": "PEGADOR DE PANELA", "forbidden": [{ "name": "Luva" }, { "name": "Mão" }, { "name": "Quente" }, { "name": "Forno" }, { "name": "Queimar" }]},
	{ "name": "MINGAU", "forbidden": [{ "name": "Papa" }, { "name": "Maisena" }, { "name": "Aveia" }, { "name": "Comer" }, { "name": "Criança" }]},
	{ "name": "HIPNOSE", "forbidden": [{ "name": "Transe" }, { "name": "Dormir" }, { "name": "Relógio" }, { "name": "Formigar" }, { "name": "Subconsciente" }]},
	{ "name": "CONDOLÊNCIA", "forbidden": [{ "name": "Piedade" }, { "name": "Desculpa" }, { "name": "Cartão" }, { "name": "Sentimento" }, { "name": "Compaixão" }]},
	{ "name": "LAGARTO", "forbidden": [{ "name": "Jacaré" }, { "name": "Réptil" }, { "name": "Salamandra" }, { "name": "Camaleão" }, { "name": "Cobra" }]},
	{ "name": "ABÓBORA", "forbidden": [{ "name": "Halloween" }, { "name": "Doce" }, { "name": "Vela" }, { "name": "Laranja" }, { "name": "Cinderela" }]},
	{ "name": "BAILARINA", "forbidden": [{ "name": "Dançarina" }, { "name": "Sapatilha" }, { "name": "Collant" }, { "name": "Ponta" }, { "name": "Ballet" }]},
	{ "name": "MESTRE", "forbidden": [{ "name": "Professor" }, { "name": "Faculdade" }, { "name": "Escola" }, { "name": "Aula" }, { "name": "Distraído" }]},
	{ "name": "ILHA", "forbidden": [{ "name": "Marajó" }, { "name": "Oceano" }, { "name": "Cercada" }, { "name": "Água" }, { "name": "Terra" }]},
	{ "name": "TEATRO", "forbidden": [{ "name": "Broadway" }, { "name": "Peça" }, { "name": "Atores" }, { "name": "Palco" }, { "name": "Cinema" }]},
	{ "name": "TRENÓ", "forbidden": [{ "name": "Cachorro" }, { "name": "Jusky" }, { "name": "Alasca" }, { "name": "Neve" }, { "name": "Passear" }]},
	{ "name": "ARANHA", "forbidden": [{ "name": "Oito" }, { "name": "Perna" }, { "name": "Inseto" }, { "name": "Caranguejeira" }, { "name": "Teia" }]},
	{ "name": "GIRAFA", "forbidden": [{ "name": "Animal" }, { "name": "Pescoço" }, { "name": "Alto" }, { "name": "Comprido" }, { "name": "Mancha" }]},
	{ "name": "HIENA", "forbidden": [{ "name": "Risada" }, { "name": "Animal" }, { "name": "Bicho" }, { "name": "Leão" }, { "name": "Sorriso" }]},
	{ "name": "TALÃO DE CHEQUE", "forbidden": [{ "name": "Preencher" }, { "name": "Pagar" }, { "name": "Banco" }, { "name": "Conta" }, { "name": "Dinheiro" }]},
	{ "name": "SAPATO", "forbidden": [{ "name": "Pé" }, { "name": "Calçado" }, { "name": "Meia" }, { "name": "Couro" }, { "name": "Moda" }]},
	{ "name": "CÍLIO", "forbidden": [{ "name": "Pêlo" }, { "name": "Rímel" }, { "name": "Pálpebra" }, { "name": "Olho" }, { "name": "Sombra" }]}
]